title,company,link
Python Engineer,Market America / Shop.com,https://stackoverflow.com/jobs/431385/python-engineer-market-america-shopcom
Senior Backend Engineer - Python,APNATIME TECH PRIVATE LIMITED,https://stackoverflow.com/jobs/411044/senior-backend-engineer-python-apnatime-tech-private-limited
Python Developer (Rust a huge plus) (Remote),X-Team,https://stackoverflow.com/jobs/431612/python-developer-rust-a-huge-plus-remote-x-team
Django/Python Backend Engineer,PolicyFly,https://stackoverflow.com/jobs/415347/django-python-backend-engineer-policyfly
Senior Python Back End Engineer (Remote-Brazil),Loadsmart,https://stackoverflow.com/jobs/430974/senior-python-back-end-engineer-remote-brazil-loadsmart
Senior Backend Software Engineer (Python),"Curative, Inc",https://stackoverflow.com/jobs/408170/senior-backend-software-engineer-python-curative-inc
Python Full Stack Developer,REPAY,https://stackoverflow.com/jobs/386498/python-full-stack-developer-repay
Full-Stack Python Engineer,Gorgias,https://stackoverflow.com/jobs/374584/full-stack-python-engineer-gorgias
Senior Backend Engineer (Python/Django),Chaturbate,https://stackoverflow.com/jobs/271844/senior-backend-engineer-python-django-chaturbate
"Python Developer (Onsite in Paris, or Remote in France, UK, Germany)",PeopleDoc,https://stackoverflow.com/jobs/424545/python-developer-onsite-in-paris-or-remote-in-peopledoc
Data Engineer (Python/Postgres),Omicron,https://stackoverflow.com/jobs/427856/data-engineer-python-postgres-omicron
"Fullstack Engineer - Python/Flask, React (100% Remote)",Postscript,https://stackoverflow.com/jobs/420136/fullstack-engineer-python-flask-react-100-postscript
Remote Senior Developer (ReactJS / Python / Django),JBS Custom Software Solutions,https://stackoverflow.com/jobs/372563/remote-senior-developer-reactjs-python-jbs-custom-software-solutions
Python Developer,YouGov,https://stackoverflow.com/jobs/407736/python-developer-yougov
Senior Python Developer,Adspert | Bidmanagement GmbH,https://stackoverflow.com/jobs/427042/senior-python-developer-adspert-bidmanagement-gmbh
Python Data Engineer,BitEdgeviaHays plc,https://stackoverflow.com/jobs/420749/python-data-engineer-bitedge
Sr. Python Engineer [100% Remote],Clevertech,https://stackoverflow.com/jobs/429681/sr-python-engineer-100-remote-clevertech
Senior Software Engineer - Python,DIGARC,https://stackoverflow.com/jobs/425402/senior-software-engineer-python-digarc
Python Developer,BairesDev LLC,https://stackoverflow.com/jobs/430795/python-developer-bairesdev-llc
Senior Full Stack Software Engineer (React Python Flask),FineTune Learning,https://stackoverflow.com/jobs/400104/senior-full-stack-software-engineer-react-python-finetune-learning
Python Engineer,"TileDB, Inc.",https://stackoverflow.com/jobs/419347/python-engineer-tiledb-inc
Senior Full Stack Python Developer,REPAY,https://stackoverflow.com/jobs/427297/senior-full-stack-python-developer-repay
Principal Python Software Developer,Railroad19,https://stackoverflow.com/jobs/428732/principal-python-software-developer-railroad19
Cloud Native Python Developer,Railroad19,https://stackoverflow.com/jobs/431394/cloud-native-python-developer-railroad19
Sr. Engineer - Python Dev (Remote),"CrowdStrike, Inc.",https://stackoverflow.com/jobs/422701/sr-engineer-python-dev-remote-crowdstrike-inc
Principal Backend Engineer - Rails,FortressIQ,https://stackoverflow.com/jobs/431807/principal-backend-engineer-rails-fortressiq
Cloud Native Python Developer,Railroad19,https://stackoverflow.com/jobs/431394/cloud-native-python-developer-railroad19
"Experienced Python Developer - Fully Remote in Euro tz - Talented, Friendly Team",ShipHero,https://stackoverflow.com/jobs/358001/experienced-python-developer-fully-remote-in-shiphero
Senior Data Engineer – ETL Pipelines - Python - Cybersecurity,Praetorian CybersecurityviaUplink Software Solutions,https://stackoverflow.com/jobs/421770/senior-data-engineer-etl-pipelines-python-praetorian-cybersecurity
Python Engineer - Internal Tooling,Packet Fabric,https://stackoverflow.com/jobs/414847/python-engineer-internal-tooling-packet-fabric
Principal Python Software Developer,Railroad19,https://stackoverflow.com/jobs/428732/principal-python-software-developer-railroad19
Sr. Engineer - Python Dev (Remote),"CrowdStrike, Inc.",https://stackoverflow.com/jobs/422701/sr-engineer-python-dev-remote-crowdstrike-inc
Terraform SDK - Contractor,Rollbar,https://stackoverflow.com/jobs/425446/terraform-sdk-contractor-rollbar
React Engineer,FineTune Learning,https://stackoverflow.com/jobs/431371/react-engineer-finetune-learning
"Software Engineer, Backend (Remote)",Hotjar,https://stackoverflow.com/jobs/279346/software-engineer-backend-remote-hotjar
Backend Engineer,Actio,https://stackoverflow.com/jobs/430805/backend-engineer-actio
Senior Backend Engineer,TutorMe,https://stackoverflow.com/jobs/414864/senior-backend-engineer-tutorme
Senior Backend Engineer (Remote or NYC),Noom,https://stackoverflow.com/jobs/283527/senior-backend-engineer-remote-or-nyc-noom
Senior Backend Developer (Remote),Hypothesis.is,https://stackoverflow.com/jobs/375432/senior-backend-developer-remote-hypothesisis
Full Stack Web Developer,"Art & Logic, Inc.",https://stackoverflow.com/jobs/370918/full-stack-web-developer-art-logic-inc
Software Engineer - Backend,Blameless,https://stackoverflow.com/jobs/423180/software-engineer-backend-blameless
Senior Backend Engineer - Rails,FortressIQ,https://stackoverflow.com/jobs/427744/senior-backend-engineer-rails-fortressiq
Full Stack Developer,Decodify.me LLC,https://stackoverflow.com/jobs/429076/full-stack-developer-decodifyme-llc
Senior Software Engineer (Remote),Web Summit,https://stackoverflow.com/jobs/162807/senior-software-engineer-remote-web-summit
Sr. Software Engineer - Overwatch Labs (Remote),"CrowdStrike, Inc.",https://stackoverflow.com/jobs/419803/sr-software-engineer-overwatch-labs-remote-crowdstrike-inc
Back-end Engineer - Ecosystem,7Bridges,https://stackoverflow.com/jobs/422191/back-end-engineer-ecosystem-7bridges
Senior Front End Engineer (Remote-Brazil),Loadsmart,https://stackoverflow.com/jobs/425457/senior-front-end-engineer-remote-brazil-loadsmart
Senior Full Stack Developer,Nirveda Cognition Inc.,https://stackoverflow.com/jobs/431098/senior-full-stack-developer-nirveda-cognition-inc
Software Engineer Backend (m/f/d) Rust,Snapview GmbH,https://stackoverflow.com/jobs/415671/software-engineer-backend-m-f-d-rust-snapview-gmbh
Senior Full Stack Engineer (REMOTE),Sector Labs,https://stackoverflow.com/jobs/406197/senior-full-stack-engineer-remote-sector-labs
Software Engineering Architect –Charitable Donations & Payments,Givelify,https://stackoverflow.com/jobs/394313/software-engineering-architect-charitable-givelify
Senior Full Stack Engineer (REMOTE),Sector Labs,https://stackoverflow.com/jobs/406197/senior-full-stack-engineer-remote-sector-labs
Senior Software Engineer,Bombora,https://stackoverflow.com/jobs/391469/senior-software-engineer-bombora
Software Engineering Architect  Payments  & Processing,Givelify,https://stackoverflow.com/jobs/431674/software-engineering-architect-payments-givelify
SR Django Developer,Trafilea,https://stackoverflow.com/jobs/429467/sr-django-developer-trafilea
Software Engineering Lead,Soteria,https://stackoverflow.com/jobs/300207/software-engineering-lead-soteria
Senior Full Stack Engineer (Remote OR NYC),Noom,https://stackoverflow.com/jobs/283522/senior-full-stack-engineer-remote-or-nyc-noom
Back-End Engineer,Gorgias,https://stackoverflow.com/jobs/371615/back-end-engineer-gorgias
Remote DevOps Engineer,DigitalCrafts,https://stackoverflow.com/jobs/422694/remote-devops-engineer-digitalcrafts
Sr. DevOps / Site Reliability Engineer (Kubernetes) - MariaDB - Fully Remote,Source Coders Inc,https://stackoverflow.com/jobs/420668/sr-devops-site-reliability-engineer-source-coders-inc
Sr. or Lead Site Reliability Engineer (Kubernetes) - MariaDB - Fully Remote,Source Coders Inc,https://stackoverflow.com/jobs/425580/sr-or-lead-site-reliability-engineer-source-coders-inc
Software Engineer,Skylight,https://stackoverflow.com/jobs/423849/software-engineer-skylight
Senior backend PHP developer,Debunk.eu,https://stackoverflow.com/jobs/373019/senior-backend-php-developer-debunkeu
Techlead / Engineering Manager (m/f/x) Cloud Streaming Platform,"AVANTGARDE - ""Creating Fans""",https://stackoverflow.com/jobs/425397/techlead-engineering-manager-m-f-x-cloud-avantgarde-creating-fans
Embedded Software Engineer,AngokaviaHays plc,https://stackoverflow.com/jobs/421749/embedded-software-engineer-angoka
Senior Data Software Engineer,Interos,https://stackoverflow.com/jobs/399258/senior-data-software-engineer-interos
Senior Backend Developer - Data Science,komoot,https://stackoverflow.com/jobs/407925/senior-backend-developer-data-science-komoot
Senior SRE Engineer (Remote),Hotjar,https://stackoverflow.com/jobs/410648/senior-sre-engineer-remote-hotjar
Software Engineer,READY Robotics,https://stackoverflow.com/jobs/397070/software-engineer-ready-robotics
Senior Full Stack JavaScript Developer - Remote,Upstack,https://stackoverflow.com/jobs/422075/senior-full-stack-javascript-developer-remote-upstack
Remote DevOps Engineer,Verys,https://stackoverflow.com/jobs/431258/remote-devops-engineer-verys
(Senior) Software Engineer,Hypatos GmbH,https://stackoverflow.com/jobs/401730/senior-software-engineer-hypatos-gmbh
Unmanned Aerial System Back-End GIS Software Engineer,PEMDAS Technologies and Innovations,https://stackoverflow.com/jobs/387962/unmanned-aerial-system-back-end-gis-software-pemdas-technologies-and
Senior Frontend Developer (Remote),Hypothesis.is,https://stackoverflow.com/jobs/375433/senior-frontend-developer-remote-hypothesisis
Développeur Back-End- Mission Freelance & Semi-Remote Nice,SkillValue,https://stackoverflow.com/jobs/417779/d%C3%A9veloppeur-back-end-mission-freelance-semi-skillvalue
"Senior Software Engineer, AI",Paige,https://stackoverflow.com/jobs/406678/senior-software-engineer-ai-paige
Lead Vue.js / PHP developer,HUBX,https://stackoverflow.com/jobs/397027/lead-vuejs-php-developer-hubx
(Senior) Software Engineer,Hypatos GmbH,https://stackoverflow.com/jobs/401730/senior-software-engineer-hypatos-gmbh
Backend Engineer,Deepgram,https://stackoverflow.com/jobs/431391/backend-engineer-deepgram
Unmanned Aerial System Back-End GIS Software Engineer,PEMDAS Technologies and Innovations,https://stackoverflow.com/jobs/387962/unmanned-aerial-system-back-end-gis-software-pemdas-technologies-and
Machine Learning Engineer,ZeroEyes,https://stackoverflow.com/jobs/427425/machine-learning-engineer-zeroeyes
Data Scientist (Remote),Blue Orange Digital,https://stackoverflow.com/jobs/297351/data-scientist-remote-blue-orange-digital
Frontend React Developer for E-Commerce Analytics Product,Scalable Path,https://stackoverflow.com/jobs/431682/frontend-react-developer-for-e-commerce-analytics-scalable-path
Blockchain Researcher Developer,IOVLABS,https://stackoverflow.com/jobs/421042/blockchain-researcher-developer-iovlabs
Cloud Data Engineer (Azure),Navy Federal Credit Union,https://stackoverflow.com/jobs/431809/cloud-data-engineer-azure-navy-federal-credit-union
Senior Data Scientist,Primer AI,https://stackoverflow.com/jobs/424117/senior-data-scientist-primer-ai
Data Engineer,Quadpay,https://stackoverflow.com/jobs/415728/data-engineer-quadpay
Staff Software Engineer - Data Platform,"Wikimedia Foundation, Inc.",https://stackoverflow.com/jobs/422399/staff-software-engineer-data-platform-wikimedia-foundation-inc
Senior Machine Learning Engineer - Remote - EU Time Zone,CVEDIA,https://stackoverflow.com/jobs/428564/senior-machine-learning-engineer-remote-eu-cvedia
Test Engineer Automotive Linux,SUSE,https://stackoverflow.com/jobs/421045/test-engineer-automotive-linux-suse
Data Curation Engineer,Calico,https://stackoverflow.com/jobs/431819/data-curation-engineer-calico
Senior Platform Engineer,Paige,https://stackoverflow.com/jobs/406677/senior-platform-engineer-paige
Senior Go Developer (Remote),X-Team,https://stackoverflow.com/jobs/235208/senior-go-developer-remote-x-team
Site Reliability Engineer,MayStreet Inc.,https://stackoverflow.com/jobs/421206/site-reliability-engineer-maystreet-inc
DevOps Engineer,Practichem,https://stackoverflow.com/jobs/428591/devops-engineer-practichem
Data Engineer,Bombora,https://stackoverflow.com/jobs/409609/data-engineer-bombora
Full Stack Engineer,XOi Technologies,https://stackoverflow.com/jobs/411412/full-stack-engineer-xoi-technologies
Senior Backend Engineer,Primer AI,https://stackoverflow.com/jobs/424118/senior-backend-engineer-primer-ai
Full Stack Developer - Retail & Catalog,Everli,https://stackoverflow.com/jobs/415688/full-stack-developer-retail-catalog-everli
AWS Cloud Consultant,Mphasis-Stelligent,https://stackoverflow.com/jobs/429899/aws-cloud-consultant-mphasis-stelligent
Site Reliability Engineer,MayStreet Inc.,https://stackoverflow.com/jobs/421206/site-reliability-engineer-maystreet-inc
Product QA Engineer,Scrapinghub,https://stackoverflow.com/jobs/411395/product-qa-engineer-scrapinghub
Reliability Engineer (m/w/d),noris network AG,https://stackoverflow.com/jobs/422623/reliability-engineer-m-w-d-noris-network-ag
Senior Full Stack Developer,Documate,https://stackoverflow.com/jobs/408184/senior-full-stack-developer-documate
Data Scientist,Strong Analytics,https://stackoverflow.com/jobs/205179/data-scientist-strong-analytics
Senior Developer Dovecot QA,Open-Xchange GmbH,https://stackoverflow.com/jobs/428539/senior-developer-dovecot-qa-open-xchange-gmbh
Full Stack Engineer,XOi Technologies,https://stackoverflow.com/jobs/411412/full-stack-engineer-xoi-technologies
Senior Backend Engineer,Primer AI,https://stackoverflow.com/jobs/424118/senior-backend-engineer-primer-ai
"Senior Security Researcher, Applications - 100% Remote Colombia South America",Sonatype,https://stackoverflow.com/jobs/370875/senior-security-researcher-applications-100-sonatype
Data Engineer,Bombora,https://stackoverflow.com/jobs/409609/data-engineer-bombora
Lead Data Engineer,ThoughtWorks - North America,https://stackoverflow.com/jobs/431276/lead-data-engineer-thoughtworks-north-america
Linux / SRE Engineer,ShipHero,https://stackoverflow.com/jobs/406286/linux-sre-engineer-shiphero
"Senior Security Researcher, Applications - 100% Remote Canada",Sonatype,https://stackoverflow.com/jobs/208728/senior-security-researcher-applications-100-sonatype
Full Stack Engineer - Operations,Everli,https://stackoverflow.com/jobs/422211/full-stack-engineer-operations-everli
Integrations Engineer (Remote),X-Team,https://stackoverflow.com/jobs/408566/integrations-engineer-remote-x-team
Full Stack Engineer / Server Developer - help us create amazing games!,kwalee Ltd,https://stackoverflow.com/jobs/415698/full-stack-engineer-server-developer-help-us-kwalee-ltd
Senior Software Engineer (DevSecOps) - 100% remote (UK/EU only),Form3 - Financial Cloud,https://stackoverflow.com/jobs/373270/senior-software-engineer-devsecops-100-form3-financial-cloud
Sr. Backend Software Developer,Marketcircle,https://stackoverflow.com/jobs/421199/sr-backend-software-developer-marketcircle
Data Migration Specialist (Remote),Curotec,https://stackoverflow.com/jobs/428206/data-migration-specialist-remote-curotec
Business Intelligence Engineer,Postscript,https://stackoverflow.com/jobs/429692/business-intelligence-engineer-postscript
Data Engineer,ImburseviaSpinks,https://stackoverflow.com/jobs/409868/data-engineer-imburse
Engineer II,"CrowdStrike, Inc.",https://stackoverflow.com/jobs/422703/engineer-ii-crowdstrike-inc
"Senior Devops Engineer (Contract, Remote)",New Context Services,https://stackoverflow.com/jobs/272561/senior-devops-engineer-contract-remote-new-context-services
Cloud Data Engineer Lake Formation,Modus Create,https://stackoverflow.com/jobs/426126/cloud-data-engineer-lake-formation-modus-create
Dev Ops Engineer,Certica Solutions,https://stackoverflow.com/jobs/423570/dev-ops-engineer-certica-solutions
"Senior Devops Engineer (Contract, Remote)",New Context Services,https://stackoverflow.com/jobs/272561/senior-devops-engineer-contract-remote-new-context-services
Business Intelligence Engineer,Postscript,https://stackoverflow.com/jobs/429692/business-intelligence-engineer-postscript
Data Engineer,ImburseviaSpinks,https://stackoverflow.com/jobs/409868/data-engineer-imburse
Product QA Engineer,Scrapinghub,https://stackoverflow.com/jobs/411395/product-qa-engineer-scrapinghub
Engineer II,"CrowdStrike, Inc.",https://stackoverflow.com/jobs/422703/engineer-ii-crowdstrike-inc
Senior Software Engineer,ShapeShift,https://stackoverflow.com/jobs/428723/senior-software-engineer-shapeshift
Senior Data Engineer,StyleSeat,https://stackoverflow.com/jobs/365653/senior-data-engineer-styleseat
DevOps Content Developer,Cloud Academy,https://stackoverflow.com/jobs/428596/devops-content-developer-cloud-academy
Quality Engineer,Ultranauts Inc,https://stackoverflow.com/jobs/419704/quality-engineer-ultranauts-inc
Machine Learning Specialist,Advent Health Partners,https://stackoverflow.com/jobs/413516/machine-learning-specialist-advent-health-partners
Security Engineer - Remote,Numbrs,https://stackoverflow.com/jobs/170508/security-engineer-remote-numbrs
Senior Software Engineer (DevSecOps) - 100% remote (UK/EU only),Form3 - Financial Cloud,https://stackoverflow.com/jobs/373270/senior-software-engineer-devsecops-100-form3-financial-cloud
Senior Software Engineer in Network Automation,Packet Fabric,https://stackoverflow.com/jobs/403003/senior-software-engineer-in-network-automation-packet-fabric
Sr. Backend Software Developer,Marketcircle,https://stackoverflow.com/jobs/421199/sr-backend-software-developer-marketcircle
Experienced Backend Engineer - Java - Remote,"Theorem, LLC",https://stackoverflow.com/jobs/410137/experienced-backend-engineer-java-remote-theorem-llc
Software Engineer,ShapeShift,https://stackoverflow.com/jobs/428730/software-engineer-shapeshift
Senior Fullstack Engineer (Remote),Web Summit,https://stackoverflow.com/jobs/417479/senior-fullstack-engineer-remote-web-summit
"Senior full-stack engineer (Go, React, AWS)",Arcivr,https://stackoverflow.com/jobs/417931/senior-full-stack-engineer-go-react-aws-arcivr
PHP Developer for BLOX/RAYOS CMS,TownNews,https://stackoverflow.com/jobs/431681/php-developer-for-blox-rayos-cms-townnews
Senior DevOps/System Engineer,Hypatos GmbH,https://stackoverflow.com/jobs/401366/senior-devops-system-engineer-hypatos-gmbh
Senior Software Engineer (PHP),PSP Media,https://stackoverflow.com/jobs/316000/senior-software-engineer-php-psp-media
Site Reliability Engineer - SRE / DevOps,Quadpay,https://stackoverflow.com/jobs/415843/site-reliability-engineer-sre-devops-quadpay
Network Architect,Packet Fabric,https://stackoverflow.com/jobs/403113/network-architect-packet-fabric
Full Stack JavaScript Developer,IDS International,https://stackoverflow.com/jobs/420638/full-stack-javascript-developer-ids-international
Software Engineer VR/AR,Swivel,https://stackoverflow.com/jobs/422690/software-engineer-vr-ar-swivel
Platform engineer to build an amazing internal platform,URBANTZ,https://stackoverflow.com/jobs/420100/platform-engineer-to-build-an-amazing-internal-urbantz
Network Architect,Packet Fabric,https://stackoverflow.com/jobs/403113/network-architect-packet-fabric
Software Engineer VR/AR,Swivel,https://stackoverflow.com/jobs/422690/software-engineer-vr-ar-swivel
Senior Software Engineer (Platform),Aloe Care Health,https://stackoverflow.com/jobs/401772/senior-software-engineer-platform-aloe-care-health
"Software Engineer - Android (Remote, US Timezones Only, Fulltime/Benefits)",Gaia GPS,https://stackoverflow.com/jobs/423695/software-engineer-android-remote-us-timezones-gaia-gps
"Java Developer (Onsite in Paris, or Remote in France, UK, Germany)",PeopleDoc,https://stackoverflow.com/jobs/424546/java-developer-onsite-in-paris-or-remote-in-peopledoc
Senior Software Engineer who likes Microservices - not Micromanagement,Praetorian CybersecurityviaUplink Software Solutions,https://stackoverflow.com/jobs/421102/senior-software-engineer-who-likes-microservices-praetorian-cybersecurity
Senior Site Reliability Engineer,Blameless,https://stackoverflow.com/jobs/431397/senior-site-reliability-engineer-blameless
DevOps Engineer,Scrapinghub,https://stackoverflow.com/jobs/362627/devops-engineer-scrapinghub
Solutions Engineer,Deepgram,https://stackoverflow.com/jobs/431389/solutions-engineer-deepgram
Werkstudent/in Softwareentwickler C# (m/w/d) - fully remote oder vor Ort,Hahn Softwareentwicklung,https://stackoverflow.com/jobs/401731/werkstudent-in-softwareentwickler-c-sharp-m-w-d-hahn-softwareentwicklung
Full Stack Engineer,Deepgram,https://stackoverflow.com/jobs/430520/full-stack-engineer-deepgram
Senior Software Engineer,Qualio,https://stackoverflow.com/jobs/414860/senior-software-engineer-qualio
"Software Engineer, AI",Facebook,https://stackoverflow.com/jobs/356329/software-engineer-ai-facebook
MongoDB DBA,Breezy HR,https://stackoverflow.com/jobs/415197/mongodb-dba-breezy-hr
Software Developers and Operations Personnel for Healthcare Platform,CareEvolution,https://stackoverflow.com/jobs/379348/software-developers-and-operations-personnel-for-careevolution
Front-End Developer (React/GraphQL),Apacio Ltd,https://stackoverflow.com/jobs/429079/front-end-developer-react-graphql-apacio-ltd
Senior JavaScript/TypeScript Engineer,Interos,https://stackoverflow.com/jobs/399259/senior-javascript-typescript-engineer-interos
Backend Systems Engineer,CommentSold,https://stackoverflow.com/jobs/426033/backend-systems-engineer-commentsold
Site Reliability Engineer,Sticker Mule,https://stackoverflow.com/jobs/419684/site-reliability-engineer-sticker-mule
Developer Relations Engineer,Platform.sh,https://stackoverflow.com/jobs/420115/developer-relations-engineer-platformsh
Full Stack Web Developer,"The Christian Chain, Inc.",https://stackoverflow.com/jobs/425119/full-stack-web-developer-the-christian-chain-inc
Database Reliability Engineer (DBRE) - Remote-US,NAVIS,https://stackoverflow.com/jobs/431396/database-reliability-engineer-dbre-remote-us-navis
Senior Software Engineer - Scala,Andela,https://stackoverflow.com/jobs/430375/senior-software-engineer-scala-andela
Senior Software Engineer: Anti-Harassment Tools,"Wikimedia Foundation, Inc.",https://stackoverflow.com/jobs/415726/senior-software-engineer-anti-harassment-tools-wikimedia-foundation-inc
Senior Distributed Database Engineer,Stardog Union,https://stackoverflow.com/jobs/128299/senior-distributed-database-engineer-stardog-union
Database Reliability Engineer (DBRE) - Remote-US,NAVIS,https://stackoverflow.com/jobs/431396/database-reliability-engineer-dbre-remote-us-navis
Senior Software Engineer - Scala,Andela,https://stackoverflow.com/jobs/430375/senior-software-engineer-scala-andela
Experienced Search Engineer,Bandcamp,https://stackoverflow.com/jobs/431393/experienced-search-engineer-bandcamp
Remote Developer in Payments and Wallet Space - Remote EMEA,Tutuka,https://stackoverflow.com/jobs/427725/remote-developer-in-payments-and-wallet-space-tutuka
Software Engineer (Leadership) - Infrastructure,Facebook,https://stackoverflow.com/jobs/410764/software-engineer-leadership-infrastructure-facebook
AWS DevOps Engineer - Remote,SemanticBits,https://stackoverflow.com/jobs/374863/aws-devops-engineer-remote-semanticbits
Remote Developer in Payments and Wallet Space - SE Asia,Tutuka,https://stackoverflow.com/jobs/427720/remote-developer-in-payments-and-wallet-space-tutuka
Full Stack Developer - Demand,Everli,https://stackoverflow.com/jobs/422931/full-stack-developer-demand-everli
Cloud Infrastructure Engineer,Avenue,https://stackoverflow.com/jobs/424988/cloud-infrastructure-engineer-avenue
Site Reliability Engineers wanted!,Magnolia International Ltd.,https://stackoverflow.com/jobs/408125/site-reliability-engineers-wanted-magnolia-international-ltd
"Systems Administrator (Linux, PHP)",Compucorp,https://stackoverflow.com/jobs/430339/systems-administrator-linux-php-compucorp
Edge Solutions Engineer,"Grassroots Technologies, Inc",https://stackoverflow.com/jobs/304359/edge-solutions-engineer-grassroots-technologies-inc
Security Engineer,SUSE,https://stackoverflow.com/jobs/427248/security-engineer-suse
DevOps Engineer,BairesDev LLC,https://stackoverflow.com/jobs/430802/devops-engineer-bairesdev-llc
Frontend REACT Engineer,Givelify,https://stackoverflow.com/jobs/420671/frontend-react-engineer-givelify
DevOps Engineer,IDbyDNA,https://stackoverflow.com/jobs/420134/devops-engineer-idbydna
Data Engineer,Leadfeeder,https://stackoverflow.com/jobs/431180/data-engineer-leadfeeder
Senior Internet Systems Engineer - DNS,Nominet,https://stackoverflow.com/jobs/417606/senior-internet-systems-engineer-dns-nominet
Mid-Level Front-end Responsive Developer,Graphic Language,https://stackoverflow.com/jobs/418286/mid-level-front-end-responsive-developer-graphic-language
Ruby Developer - Build vulnerable web applications,Immersive Labs,https://stackoverflow.com/jobs/414750/ruby-developer-build-vulnerable-web-applications-immersive-labs
Site Reliability Engineer,BairesDev LLC,https://stackoverflow.com/jobs/430982/site-reliability-engineer-bairesdev-llc
Big Data Engineer,BairesDev LLC,https://stackoverflow.com/jobs/430815/big-data-engineer-bairesdev-llc
DevOps Manager - Remote,SemanticBits,https://stackoverflow.com/jobs/414753/devops-manager-remote-semanticbits
Senior Front-end Developer,Codility,https://stackoverflow.com/jobs/356204/senior-front-end-developer-codility
Software Engineer,Podsights,https://weworkremotely.com/remote-jobs/podsights-software-engineer-2
Senior Python Engineer,Clevertech,https://weworkremotely.com/remote-jobs/clevertech-senior-python-engineer
Software Engineer,"Car Registration, Inc",https://weworkremotely.com/remote-jobs/car-registration-inc-software-engineer
Senior Unity Engineer for AI- Remote - EU Time Zone,CVEDIA,https://weworkremotely.com/remote-jobs/cvedia-senior-unity-engineer-for-ai-remote-eu-time-zone
Python Engineer,Nearsure,https://weworkremotely.com/remote-jobs/nearsure-python-engineer
Software Engineer,Foxbox Digital,https://weworkremotely.com/remote-jobs/foxbox-digital-software-engineer
Fullstack Engineer,Postscript,https://weworkremotely.com/remote-jobs/postscript-fullstack-engineer-1
Senior Software Developer,Qualio,https://weworkremotely.com/remote-jobs/qualio-senior-software-developer
Full Stack Web Developer (Typescript/Node/Angular),Loss Control Plus,https://weworkremotely.com/remote-jobs/loss-control-plus-full-stack-web-developer-typescript-node-angular-1
Product Engineer,Chartable,https://weworkremotely.com/remote-jobs/chartable-product-engineer
"Software Engineer (Full Time, Remote)",42 TECH,https://weworkremotely.com/remote-jobs/42-tech-software-engineer-full-time-remote
Software Engineer for Digital Agency,Clear Summit,https://weworkremotely.com/remote-jobs/clear-summit-software-engineer-for-digital-agency
Machine Learning Engineer (Python) – BioTech,Data Revenue,https://weworkremotely.com/remote-jobs/data-revenue-machine-learning-engineer-python-biotech
Tech Lead,Ukufu Pty Ltd,https://weworkremotely.com/remote-jobs/ukufu-pty-ltd-tech-lead
Senior Product Engineer (Remote - Anywhere),Dataquest,https://weworkremotely.com/remote-jobs/dataquest-senior-product-engineer-remote-anywhere
Ruby on Rails Developer,Power Home Remodeling,https://weworkremotely.com/remote-jobs/power-home-remodeling-ruby-on-rails-developer
SENIOR PYTHON DEVELOPER,Dewaele Vastgoedgroep,https://weworkremotely.com/remote-jobs/dewaele-vastgoedgroep-senior-python-developer
Python Full Stack Software Developer (senior) - remote,Bubbling,https://weworkremotely.com/remote-jobs/bubbling-python-full-stack-software-developer-senior-remote
Senior Backend Engineer,Primer.ai,https://weworkremotely.com/remote-jobs/primer-ai-senior-backend-engineer
Software Engineering Mentor,Springboard,https://weworkremotely.com/remote-jobs/springboard-software-engineering-mentor-1
Full Stack Tech/Team Lead,Uploan,https://weworkremotely.com/remote-jobs/uploan-full-stack-tech-team-lead
Python Developer,Webinterpret,https://weworkremotely.com/remote-jobs/webinterpret-python-developer
iOS Developer,Doximity,https://weworkremotely.com/remote-jobs/doximity-ios-developer
Front-End Developer (Part-time),InferLink,https://weworkremotely.com/remote-jobs/inferlink-front-end-developer-part-time
Senior Android Engineer,Elevate Labs,https://weworkremotely.com/remote-jobs/elevate-labs-senior-android-engineer-1
"Software Engineer, Data Engineering",Doximity,https://weworkremotely.com/remote-jobs/doximity-software-engineer-data-engineering
Software Development Engineer - Test (SDET),Bevy,https://weworkremotely.com/remote-jobs/bevy-software-development-engineer-test-sdet
Python Developer (Rust a huge plus),X-Team,https://weworkremotely.com/remote-jobs/x-team-python-developer-rust-a-huge-plus
Senior Go Developer,X-Team,https://weworkremotely.com/remote-jobs/x-team-senior-go-developer
Integrations Engineer,X-Team,https://weworkremotely.com/remote-jobs/x-team-integrations-engineer
Data Engineer,Reify Health,https://weworkremotely.com/remote-jobs/reify-health-data-engineer-1
Senior Backend Engineer,Smartia,https://weworkremotely.com/remote-jobs/smartia-senior-backend-engineer
Full Stack Developer (Python & Vue.js),Unhaggle Inc.,https://weworkremotely.com/remote-jobs/unhaggle-inc-full-stack-developer-python-vue-js-2
Senior Site Reliability Engineer - Software Engineering,Freetrade,https://weworkremotely.com/remote-jobs/freetrade-senior-site-reliability-engineer-software-engineering
"Senior Engineer, Manager",Doximity,https://weworkremotely.com/remote-jobs/doximity-senior-engineer-manager
Senior Full Stack Engineer,Sector Labs,https://weworkremotely.com/remote-jobs/sector-labs-senior-full-stack-engineer
Senior Software Engineer - Ruby/React/Python,Quill.org,https://weworkremotely.com/remote-jobs/quill-org-senior-software-engineer-ruby-react-python
Cryptocurrency Trading Systems Developer (Remote),Kenetic Capital,https://weworkremotely.com/remote-jobs/kenetic-capital-cryptocurrency-trading-systems-developer-remote
"Software Engineer, Android (Kotlin)",Doximity,https://weworkremotely.com/remote-jobs/doximity-software-engineer-android-kotlin
"Software Engineer, Full Stack",Doximity,https://weworkremotely.com/remote-jobs/doximity-software-engineer-full-stack
Engineering Lead,MiniCorp,https://weworkremotely.com/remote-jobs/minicorp-engineering-lead
Senior Analytics Engineer,Tesorio,https://weworkremotely.com/remote-jobs/tesorio-senior-analytics-engineer
Full Stack Developer,TechChange,https://weworkremotely.com/remote-jobs/techchange-full-stack-developer
Data Analytics Engineer,Reify Health,https://weworkremotely.com/remote-jobs/reify-health-data-analytics-engineer-2
Mobile Application Developer (Python),Kickback Rewards System,https://weworkremotely.com/remote-jobs/kickback-rewards-system-mobile-application-developer-python
Site Reliability Engineer,Sticker Mule,https://weworkremotely.com/remote-jobs/sticker-mule-site-reliability-engineer
DevOps Engineer,Labelbox,https://weworkremotely.com/remote-jobs/labelbox-devops-engineer
Mobile Web Solutions Architect,Power Home Remodeling,https://weworkremotely.com/remote-jobs/power-home-remodeling-mobile-web-solutions-architect
Site Reliability Engineer (SRE) - Asia Pacific (APAC),Canonical,https://weworkremotely.com/remote-jobs/canonical-site-reliability-engineer-sre-asia-pacific-apac
Cloud Operations Engineer (OpenStack+Kubernetes),Canonical,https://weworkremotely.com/remote-jobs/canonical-cloud-operations-engineer-openstack-kubernetes
"Software Engineer, Security",Doximity,https://weworkremotely.com/remote-jobs/doximity-software-engineer-security
DevOps Engineer,CodeLathe Technologies Inc,https://weworkremotely.com/remote-jobs/codelathe-technologies-inc-devops-engineer
Solutions Engineering Team Lead,ReCharge Payments,https://weworkremotely.com/remote-jobs/recharge-payments-solutions-engineering-team-lead
Developer-Focused Growth Lead,CloudRepo,https://weworkremotely.com/remote-jobs/cloudrepo-developer-focused-growth-lead
Senior Data Scientist,Primer.ai,https://weworkremotely.com/remote-jobs/primer-ai-senior-data-scientist
Data Engineering Mentor (Flexible/Part-Time/Remote),Springboard,https://weworkremotely.com/remote-jobs/springboard-data-engineering-mentor-flexible-part-time-remote
"Data Scientist, WooCommerce (Marketing)",Automattic,https://weworkremotely.com/remote-jobs/automattic-data-scientist-woocommerce-marketing
Cloud Database Engineer (Remote OK!),Acuity Brands,https://weworkremotely.com/remote-jobs/acuity-brands-cloud-database-engineer-remote-ok
Salesforce Developer,The Predictive Index,https://weworkremotely.com/remote-jobs/the-predictive-index-salesforce-developer
Senior Data Engineer,The Predictive Index,https://weworkremotely.com/remote-jobs/the-predictive-index-senior-data-engineer
Data Analytics Mentor (Part-time/Flexible/Remote),Springboard,https://weworkremotely.com/remote-jobs/springboard-data-analytics-mentor-part-time-flexible-remote
"Security Engineer, Corporate - Security Operations",GitHub,https://weworkremotely.com/remote-jobs/github-security-engineer-corporate-security-operations
Python Developer,BairesDev,https://remoteok.io/remote-jobs/98788-remote-python-developer-bairesdev
SR Django Developer,Trafilea,https://remoteok.io/remote-jobs/98666-remote-sr-django-developer-trafilea
Senior Software Engineer Python Tornado AWS,Verys,https://remoteok.io/remote-jobs/98654-remote-senior-software-engineer-python-tornado-aws-verys
Python Developer,YouGov,https://remoteok.io/remote-jobs/98637-remote-python-developer-yougov
Principal Python Software Developer,Railroad19,https://remoteok.io/remote-jobs/98621-remote-principal-python-software-developer-railroad19
Experienced Python Developer,ShipHero,https://remoteok.io/remote-jobs/98580-remote-experienced-python-developer-shiphero
Senior Full Stack Python Developer,REPAY,https://remoteok.io/remote-jobs/98420-remote-senior-full-stack-python-developer-repay
Senior Python Developer,Adspert Bidmanagement,https://remoteok.io/remote-jobs/98409-remote-senior-python-developer-adspert-bidmanagement
Expert Django Developer,AppEvolve,https://remoteok.io/remote-jobs/98165-remote-expert-django-developer-appevolve
Python Developer,PeopleDoc,https://remoteok.io/remote-jobs/98046-remote-python-developer-peopledoc
Senior Python Developer,Flashpoint,https://remoteok.io/remote-jobs/97840-remote-senior-python-developer-flashpoint
Python Developer,UCRAFT,https://remoteok.io/remote-jobs/97815-remote-python-developer-ucraft
Python Developer,Upstack,https://remoteok.io/remote-jobs/97638-remote-python-developer-upstack
Python Full Stack Developer,REPAY,https://remoteok.io/remote-jobs/97466-remote-python-full-stack-developer-repay
Python Developer,Bitedge,https://remoteok.io/remote-jobs/97419-remote-python-developer-bitedge
Lead Full-stack Software Engineer,Prominent Edge,https://remoteok.io/remote-jobs/97397-remote-lead-full-stack-software-engineer-prominent-edge
Expert Django Developer,DjangoForce,https://remoteok.io/remote-jobs/97248-remote-expert-django-developer-djangoforce
Senior Software Engineer Python,Verys,https://remoteok.io/remote-jobs/97215-remote-senior-software-engineer-python-verys
Integrations Full Stack Python Developer,REPAY,https://remoteok.io/remote-jobs/97110-remote-integrations-full-stack-python-developer-repay
Full Stack Python/js Developer,Fjelltopp,https://remoteok.io/remote-jobs/97053-remote-full-stack-python-js-developer-fjelltopp
Python + Django Software Engineer,WP Media,https://remoteok.io/remote-jobs/96938-remote-python-django-software-engineer-wp-media
Python Developer,YouGov,https://remoteok.io/remote-jobs/86812-remote-python-developer-yougov
Senior Django Developer,Scalable Path,https://remoteok.io/remote-jobs/86775-remote-senior-django-developer-scalable-path
Senior Python Developer,We Are Common,https://remoteok.io/remote-jobs/86754-remote-senior-python-developer-we-are-common
Python Full Stack Developer,REPAY,https://remoteok.io/remote-jobs/87005-remote-python-full-stack-developer-repay
Jr Python Developer,AppEvolve,https://remoteok.io/remote-jobs/86685-remote-jr-python-developer-appevolve
Senior Software Engineer (python/django),Routable,https://remoteok.io/remote-jobs/86632-remote-senior-software-engineer-python-django-routable
Full Stack Developer Node.js Python Go Autonomy Flexibility New Team,Oscatel,https://remoteok.io/remote-jobs/87096-remote-full-stack-developer-node-js-python-go-autonomy-flexibility-new-team-oscatel
Senior Python Developer,Backtracks,https://remoteok.io/remote-jobs/87344-remote-senior-python-developer-backtracks
Python Developer,PeopleDoc,https://remoteok.io/remote-jobs/86967-remote-python-developer-peopledoc
"Software Engineer, Security",Doximity,https://remoteok.io/remote-jobs/86398-remote-software-engineer-security-doximity
Django Developer,Mainvest,https://remoteok.io/remote-jobs/86390-remote-django-developer-mainvest
Senior Python Developer,Flashpoint,https://remoteok.io/remote-jobs/87238-remote-senior-python-developer-flashpoint
Software Engineer,"PrintWithMe, Inc.",https://remoteok.io/remote-jobs/86265-remote-software-engineer-printwithme-inc
Python Developer,Backtracks.fm,https://remoteok.io/remote-jobs/86257-remote-python-developer-backtracks-fm
Python Django Developer,Scanslated,https://remoteok.io/remote-jobs/87085-remote-python-django-developer-scanslated
Senior Python Developer,X-Team,https://remoteok.io/remote-jobs/87002-remote-senior-python-developer-x-team
Independent Self Motivated Python Backend Developer,Seez,https://remoteok.io/remote-jobs/85325-remote-independent-self-motivated-python-backend-developer-seez
Senior Python Developer,Surge,https://remoteok.io/remote-jobs/85309-remote-senior-python-developer-surge
Software Engineer (full Stack),Simple Poll,https://remoteok.io/remote-jobs/85261-remote-software-engineer-full-stack-simple-poll
Python Developer M W X,Skalar Systems,https://remoteok.io/remote-jobs/85239-remote-python-developer-m-w-x-skalar-systems
Freelance Python Developer –,Toptal,https://remoteok.io/remote-jobs/85053-remote-freelance-python-developer-remote-toptal
Senior Python Developer,Level Agency,https://remoteok.io/remote-jobs/84956-remote-senior-python-developer-level-agency
FULL Stack Django Developer Project Leader,Scalable Path,https://remoteok.io/remote-jobs/84941-remote-full-stack-django-developer-project-leader-scalable-path
Devops Python Django Saas Developer,WP Media,https://remoteok.io/remote-jobs/84795-remote-devops-python-django-saas-developer-wp-media
Senior Python Developer,Remotesome,https://remoteok.io/remote-jobs/84524-remote-senior-python-developer-remotesome
Lead Backend Developer,Kokoon Technology Ltd,https://remoteok.io/remote-jobs/84313-remote-lead-backend-developer-remote-kokoon-technology-ltd
Senior Python Developer,ShipHero,https://remoteok.io/remote-jobs/83869-remote-senior-python-developer-shiphero
Python Backend Developer,Exputec,https://remoteok.io/remote-jobs/83854-remote-python-backend-developer-exputec
Backend Developer,Jetcake,https://remoteok.io/remote-jobs/83559-remote-backend-developer-jetcake
Python Backend Developer 100,Clevertech,https://remoteok.io/remote-jobs/83231-remote-python-backend-developer-100-clevertech
React Python Developer 100,Clevertech,https://remoteok.io/remote-jobs/83127-remote-react-python-developer-100-clevertech
Python Back End Developer,Soshace,https://remoteok.io/remote-jobs/83097-remote-python-back-end-developer-soshace
100% Python React Developer,Clevertech,https://remoteok.io/remote-jobs/82984-remote-100-python-react-developer-clevertech
API Software Engineer Python,ReCharge Payments,https://remoteok.io/remote-jobs/77226-remote-api-software-engineer-python-recharge-payments
ELK Stack Developer,Atlastix,https://remoteok.io/remote-jobs/77164-remote-elk-stack-developer-atlastix
Full Stack Django Developer,Wildfish,https://remoteok.io/remote-jobs/77074-remote-full-stack-django-developer-wildfish
Full Stack Developer (python),REPAY,https://remoteok.io/remote-jobs/77035-remote-full-stack-developer-python-repay
Full Stack React Django Developer,Soshace,https://remoteok.io/remote-jobs/76912-remote-full-stack-react-django-developer-soshace
"Software Engineer, Full Stack",Doximity,https://remoteok.io/remote-jobs/76493-remote-software-engineer-full-stack-doximity
Python Developer,Scrapinghub,https://remoteok.io/remote-jobs/76269-remote-python-developer-scrapinghub
Code Challenge Reviewer 100% £50 Per Hour Java Javascript PHP Python C# Ruby CSS HTML SQL Scala iOS Android,Geektastic,https://remoteok.io/remote-jobs/76263-remote-code-challenge-reviewer-100-50-per-hour-java-javascript-php-python-c-ruby-css-html-sql-scala-ios-android-geektastic
Back End Django Developer,Soshace,https://remoteok.io/remote-jobs/76164-remote-back-end-django-developer-soshace
Senior Software Engineer,Iterative,https://remoteok.io/remote-jobs/76126-remote-senior-software-engineer-iterative
Permanent Django Developer,Pivotal Energy Solutions,https://remoteok.io/remote-jobs/76108-remote-permanent-django-developer-pivotal-energy-solutions
Developer or Senior Developer,MVPF,https://remoteok.io/remote-jobs/75960-remote-developer-or-senior-developer-mvpf
Full Stack Web Developer,GooseChase,https://remoteok.io/remote-jobs/75932-remote-full-stack-web-developer-goosechase
Senior Full Stack Developer,Pupil Labs,https://remoteok.io/remote-jobs/75838-remote-senior-full-stack-developer-pupil-labs
Back End Python Developer,Pluralsight,https://remoteok.io/remote-jobs/75766-remote-back-end-python-developer-pluralsight
Senior Full-stack Developer,PolySwarm,https://remoteok.io/remote-jobs/75742-remote-senior-full-stack-developer-polyswarm
"Sr. Full-stack Developer (node, Vue, Typescript, Python, SQL, Elastic) - Fully Startup",Specula.io,https://remoteok.io/remote-jobs/75688-remote-sr-full-stack-developer-node-vue-typescript-python-sql-elastic-fully-remote-startup-specula-io
Senior Front-end Developer,PolySwarm,https://remoteok.io/remote-jobs/75673-remote-senior-front-end-developer-polyswarm
Senior Software Engineer,Snowdrop,https://remoteok.io/remote-jobs/75658-remote-senior-software-engineer-snowdrop
Python Back End Web Developer,Soshace,https://remoteok.io/remote-jobs/75581-remote-python-back-end-web-developer-soshace
Full Stack Developer With React Django,Soshace,https://remoteok.io/remote-jobs/75542-remote-full-stack-developer-with-react-django-soshace
Full Stack Developer,SilviaTerra,https://remoteok.io/remote-jobs/75473-remote-full-stack-developer-silviaterra
Senior Python Developer,CVEDIA,https://remoteok.io/remote-jobs/75073-remote-senior-python-developer-cvedia
Senior Devops Engineer,"ORCID, Inc.",https://remoteok.io/remote-jobs/75009-remote-senior-devops-engineer-orcid-inc-
Principle Python Software Engineer,Labster,https://remoteok.io/remote-jobs/74984-remote-principle-python-software-engineer-labster
Senior Python Developer,DomainTools,https://remoteok.io/remote-jobs/74941-remote-senior-python-developer-domaintools
"Software Engineer, Data (product Integration)",Doximity,https://remoteok.io/remote-jobs/74936-remote-software-engineer-data-product-integration-doximity
Senior Python Developer Django Flask,Clevertech,https://remoteok.io/remote-jobs/74857-remote-senior-python-developer-django-flask-clevertech
Full-stack Software Engineer,Fraym,https://remoteok.io/remote-jobs/74444-remote-full-stack-software-engineer-fraym
Quantitative Developer Python,Clevertech,https://remoteok.io/remote-jobs/74388-remote-quantitative-developer-python-clevertech
Senior Python Developer Quantitative Modeling,Clevertech,https://remoteok.io/remote-jobs/74363-remote-senior-python-developer-quantitative-modeling-clevertech
Senior Backend Engineer - Golang Focus,DL Remote,https://remoteok.io/remote-jobs/74351-remote-senior-backend-engineer-golang-focus-remote-dl-remote
Python C Developer,Clevertech,https://remoteok.io/remote-jobs/74190-remote-python-c-developer-clevertech
Senior Python Software Engineer,Labster,https://remoteok.io/remote-jobs/74183-remote-senior-python-software-engineer-labster
Senior Backend Developer,WeTravel,https://remoteok.io/remote-jobs/74163-remote-senior-backend-developer-wetravel
Senior Embedded Linux Developer with Python 100% Flexible Hours,3 other jobs Analytics Fire,https://remoteok.io/remote-jobs/74065-remote-senior-embedded-linux-developer-with-python-100-flexible-hours-3-other-jobs-analytics-fire
Senior Python Developer Interested Finance,Capital,https://remoteok.io/remote-jobs/74264-remote-senior-python-developer-interested-finance-capital
Software Engineer,AlphaSights,https://remoteok.io/remote-jobs/73979-remote-software-engineer-alphasights
Cloud Python Developer,Elastic,https://remoteok.io/remote-jobs/73894-remote-cloud-python-developer-elastic
"Sr Full Stack Developer, Django",Circuit Stream,https://remoteok.io/remote-jobs/73837-remote-sr-full-stack-developer-django-circuit-stream
Python Back-end Web Developer,Soshace,https://remoteok.io/remote-jobs/73701-remote-remote-python-back-end-web-developer-soshace
Full Stack Software Engineer (JS),SlashData,https://remoteok.io/remote-jobs/73663-remote-full-stack-software-engineer-js-slashdata
Senior Django Developer,Soshace,https://remoteok.io/remote-jobs/73519-remote-senior-django-developer-soshace
Senior Python Developer,Vocinity,https://remoteok.io/remote-jobs/73506-remote-senior-python-developer-vocinity
Django Web Developer,Caktus Consulting Group,https://remoteok.io/remote-jobs/73333-remote-django-web-developer-caktus-consulting-group
Python Developer,Clevertech,https://remoteok.io/remote-jobs/73304-remote-python-developer-clevertech
"Software Engineer, Data",Doximity,https://remoteok.io/remote-jobs/73235-remote-software-engineer-data-doximity
Python Cloud Developer,Platform.sh,https://remoteok.io/remote-jobs/73070-remote-python-cloud-developer-platform-sh
Senior Full Stack Engineer,Interview Schedule,https://remoteok.io/remote-jobs/73058-remote-senior-full-stack-engineer-interview-schedule
Sr Python Software Engineer,SmileDirectClub,https://remoteok.io/remote-jobs/73036-remote-sr-python-software-engineer-smiledirectclub
Python Developer,Musement,https://remoteok.io/remote-jobs/72846-remote-python-developer-musement
Senior Software Engineer - Backend (100% ),Close,https://remoteok.io/remote-jobs/72794-remote-senior-software-engineer-backend-100-remote-close
Python Django Developer,Daupler,https://remoteok.io/remote-jobs/72664-remote-python-django-developer-daupler
Senior Python Developer,causaLens,https://remoteok.io/remote-jobs/72638-remote-senior-python-developer-causalens
Mid Level Django Backend Developer,Pivotal Energy Solutions,https://remoteok.io/remote-jobs/72547-remote-mid-level-django-backend-developer-pivotal-energy-solutions
Full-stack Developer,PolySwarm,https://remoteok.io/remote-jobs/72406-remote-full-stack-developer-polyswarm
Senior Python Software Engineer,Namaste Technologies,https://remoteok.io/remote-jobs/72239-remote-senior-python-software-engineer-namaste-technologies
Python Software Engineer,ReCharge Payments,https://remoteok.io/remote-jobs/71975-remote-python-software-engineer-recharge-payments
"Software Engineer, Service Reliability",Doximity,https://remoteok.io/remote-jobs/71432-remote-software-engineer-service-reliability-doximity
"Software Engineer, Ruby & Javascript",Doximity,https://remoteok.io/remote-jobs/71367-remote-software-engineer-ruby-javascript-doximity
Senior Full Stack Developer with React Experience,Codelitt,https://remoteok.io/remote-jobs/71132-remote-senior-full-stack-developer-with-react-experience-codelitt
Lead Software Engineer,Hubbub,https://remoteok.io/remote-jobs/71202-remote-lead-software-engineer-hubbub
Python Developer,MADE.com,https://remoteok.io/remote-jobs/70764-remote-python-developer-made-com
Django Python Developer,Divio,https://remoteok.io/remote-jobs/70700-remote-django-python-developer-divio
Web Developer,Tao Leadership,https://remoteok.io/remote-jobs/70590-remote-web-developer-tao-leadership
Python Developer,eMoney Advisor,https://remoteok.io/remote-jobs/70262-remote-python-developer-emoney-advisor
Backend Python Django Developer,Self Decode,https://remoteok.io/remote-jobs/70053-remote-backend-python-django-developer-self-decode
Backend Web Developer,Circuit Stream,https://remoteok.io/remote-jobs/70003-remote-backend-web-developer-circuit-stream
Staff Site Reliability Engineer (sre),CircleCI,https://remoteok.io/remote-jobs/69933-remote-staff-site-reliability-engineer-sre-circleci
Full Stack Developer with React Experience,Codelitt,https://remoteok.io/remote-jobs/69888-remote-full-stack-developer-with-react-experience-codelitt
Full Stack Developer Python,REPAY Realtime Electronic Payments,https://remoteok.io/remote-jobs/69529-remote-full-stack-developer-python-repay-realtime-electronic-payments
"Senior Software Engineer, Python",Doximity,https://remoteok.io/remote-jobs/69245-remote-senior-software-engineer-python-doximity
Python Developer,X-Team,https://remoteok.io/remote-jobs/69088-remote-python-developer-x-team
Senior Python Developer,SmileDirectClub,https://remoteok.io/remote-jobs/69047-remote-senior-python-developer-smiledirectclub
Full Stack Developer,Upstack Technologies Inc.,https://remoteok.io/remote-jobs/69034-remote-full-stack-developer-upstack-technologies-inc-
Open Source Developer & Devops,OpenCraft,https://remoteok.io/remote-jobs/69030-remote-open-source-developer-devops-opencraft
Senior Software Engineer - Security Video Integration,GeoComm,https://remoteok.io/remote-jobs/68982-remote-senior-software-engineer-security-video-integration-geocomm
C Python Developer,Code Careers,https://remoteok.io/remote-jobs/68976-remote-c-python-developer-code-careers
Frontend and Python Developer,Screenly,https://remoteok.io/remote-jobs/68892-remote-frontend-and-python-developer-screenly
Senior Python Developer,VersaFeed,https://remoteok.io/remote-jobs/68797-remote-senior-python-developer-versafeed
Senior Software Engineer,Property Meld,https://remoteok.io/remote-jobs/68749-remote-senior-software-engineer-property-meld
Python Developer,CoGrammar,https://remoteok.io/remote-jobs/68679-remote-python-developer-cogrammar
Django Python Senior Software Engineer,Load Impact,https://remoteok.io/remote-jobs/68530-remote-django-python-senior-software-engineer-load-impact
Senior Embedded Linux Developer with C Python 100% Flexible Hours,Analytics Fire,https://remoteok.io/remote-jobs/68488-remote-senior-embedded-linux-developer-with-c-python-100-flexible-hours-analytics-fire
Full Stack Software Engineer,Merchbar,https://remoteok.io/remote-jobs/68296-remote-full-stack-software-engineer-merchbar
Python Developer,Arm,https://remoteok.io/remote-jobs/68291-remote-python-developer-arm
Senior Python Developer,JBS Custom Software Solutions,https://remoteok.io/remote-jobs/68243-remote-senior-python-developer-jbs-custom-software-solutions
Python Backend Developer,trivago N.V,https://remoteok.io/remote-jobs/68232-remote-python-backend-developer-trivago-n-v
Python Software Engineering Manager,Crossover,https://remoteok.io/remote-jobs/68220-remote-python-software-engineering-manager-crossover
Senior Python Developer,Clevertech,https://remoteok.io/remote-jobs/68204-remote-senior-python-developer-clevertech
Full-stack Developer/tech Lead,Comparamais,https://remoteok.io/remote-jobs/68196-remote-full-stack-developer-tech-lead-comparamais
Python Senior Developer,YMN GROUP,https://remoteok.io/remote-jobs/68169-remote-python-senior-developer-remote-ymn-group
"Python Software Engineer, Data Integration",Doximity,https://remoteok.io/remote-jobs/67967-remote-python-software-engineer-data-integration-doximity
"Experienced 3D Software Engineers for Awesome Cutting Edge Projects (augmented Reality, Virtual Reality, Raytracing, Webgl, UE4, and More)",4D Pipeline,https://remoteok.io/remote-jobs/67948-remote-experienced-3d-software-engineers-for-awesome-cutting-edge-projects-augmented-reality-virtual-reality-raytracing-webgl-ue4-and-more-4d-pipeline
Software Engineer Python,trivago N.V,https://remoteok.io/remote-jobs/68073-remote-software-engineer-python-trivago-n-v
"Python Backend Developer in Wrocław, PL",Kangaroo,https://remoteok.io/remote-jobs/67857-remote-python-backend-developer-in-wroclaw-pl-kangaroo
Backend Developer,Property Meld,https://remoteok.io/remote-jobs/67736-remote-backend-developer-property-meld
Software Developer (elasticsearch),Thresher,https://remoteok.io/remote-jobs/67669-remote-software-developer-elasticsearch-thresher
An Enthusiastic Python Developer,Niteo,https://remoteok.io/remote-jobs/67565-remote-an-enthusiastic-python-developer-niteo
Back End Python Developer,GitPrine,https://remoteok.io/remote-jobs/67502-remote-back-end-python-developer-gitprine
Backend Developer Python,orderbird AG,https://remoteok.io/remote-jobs/67704-remote-backend-developer-python-orderbird-ag
Cotiviti Labs Adminops Python Developer,Cotiviti,https://remoteok.io/remote-jobs/67229-remote-cotiviti-labs-adminops-python-developer-cotiviti
Go Python Developer,Sport Whispers,https://remoteok.io/remote-jobs/67092-remote-go-python-developer-sport-whispers
Senior Backend Developer Python Django H F,Back Market,https://remoteok.io/remote-jobs/67048-remote-senior-backend-developer-python-django-h-f-back-market
Python Software Engineer (all Levels),Unipart Digital,https://remoteok.io/remote-jobs/67036-remote-python-software-engineer-all-levels-unipart-digital
Full Stack Developer,Upstack,https://remoteok.io/remote-jobs/66985-remote-full-stack-developer-upstack
Python Developer,Buto,https://remoteok.io/remote-jobs/66803-remote-python-developer-buto
Python Developer For Cryptocurrency Services,Cryptosphere Systems,https://remoteok.io/remote-jobs/66580-remote-python-developer-for-cryptocurrency-services-cryptosphere-systems
Python Software Developer,OctopusLabs,https://remoteok.io/remote-jobs/66344-remote-python-software-developer-octopuslabs
Python Developer,Objectwise Consulting Group,https://remoteok.io/remote-jobs/66308-remote-python-developer-objectwise-consulting-group
Full Stack Developer,Blockstack,https://remoteok.io/remote-jobs/66203-remote-full-stack-developer-blockstack
Full Stack Developer,Property Meld,https://remoteok.io/remote-jobs/65954-remote-full-stack-developer-property-meld
POC Python Developer,StudioH67,https://remoteok.io/remote-jobs/65892-remote-poc-python-developer-studioh67
Senior Python Web Application Developer,SUSE,https://remoteok.io/remote-jobs/65888-remote-senior-python-web-application-developer-suse
Django Developer,GetTechTalent,https://remoteok.io/remote-jobs/65861-remote-django-developer-gettechtalent
Senior Software Engineer,Canonical,https://remoteok.io/remote-jobs/65587-remote-senior-software-engineer-canonical
Python Web Developer ($90-125k),Croscon,https://remoteok.io/remote-jobs/65582-remote-python-web-developer-90-125k-croscon
Software Engineer - Openstack,Canonical,https://remoteok.io/remote-jobs/65522-remote-software-engineer-openstack-canonical
Python Back End Developer,TXODDS,https://remoteok.io/remote-jobs/65030-remote-python-back-end-developer-txodds
Contract Python Developer,Seth Godin,https://remoteok.io/remote-jobs/65019-remote-contract-python-developer-seth-godin
Python Developer For Sweden's Best AI Team,Tenfifty,https://remoteok.io/remote-jobs/64691-remote-python-developer-for-swedens-best-ai-team-tenfifty
Mid Level Django Web Developer,Pivotal Energy Solutions,https://remoteok.io/remote-jobs/64547-remote-mid-level-django-web-developer-pivotal-energy-solutions
